gender,accuracy,f1
male,0.2857142857142857,0.12698412698412698
female,0.2857142857142857,0.12698412698412698
