model,accuracy_gap,f1_gap
LSTM,0.0065934065934066255,0.005250305250305259
Transformer,0.05494505494505497,0.053422462501520496
