model,gender,accuracy,f1_score,count
LSTM,male,0.2857142857142857,0.12698412698412698,70
LSTM,female,0.2923076923076923,0.13223443223443224,65
