group,mean_abs_shap
male,1.8608593500029374e-12
female,9.685374370065132e-13
