model,gender,accuracy,f1_score,count
Transformer,male,0.6307692307692307,0.6305315374280892,65
Transformer,female,0.6857142857142857,0.6839539999296097,70
